,region1,region2
region1,0.20766666666666667,131.0
region2,130.66666666666666,0.8813333333333334