,region1,region2
region1,0.010780641085864151,2.943920288775949
region2,3.0912061651652345,0.3029470067336677
